author_id,first_name,last_name
agatha_christie,Agatha,Christie
ayn_rand,Ayn,Rand
lois_lowry,Lois,Lowry
roald_dahl,Roald,Dahl
ernest_hemingway,Ernest,Hemingway
stephen_king,Stephen,King
pearl_s._buck,Pearl,Buck
vladimir_nabokov,Vladimir,Nabokov
anna_sewell,Anna,Sewell
daphne_du_maurier,Daphne,Maurier
günter_grass,Günter,Grass
george_eliot,George,Eliot
sir_walter_scott,Sir,Scott
edith_wharton,Edith,Wharton
louisa_may_alcott,Louisa,Alcott
willa_cather,Willa,Cather
